{
    "LogisticRegression": {
        "f1": 0.2341637553585867,
        "C": 0.067609722388272
    },
    "RandomForest": {
        "f1": 0.24658527019927334,
        "n_estimators": 89,
        "max_depth": 6
    },
    "XGBoost": {
        "f1": 0.08374134769116415,
        "n_estimators": 116,
        "learning_rate": 0.1505189211726008
    },
    "SVM": {
        "f1": 0.22963630450186845,
        "C": 1.153570946471597,
        "kernel": "linear"
    }
}